feature,mabs,rank
card1,0.6898834984485185,1
card2,0.33137736874773843,2
TransactionAmt,0.2382311797446384,3
addr1,0.22008836386138209,4
P_emaildomain,0.21577628847720198,5
C13,0.21248492132202407,6
D2,0.17873483763415893,7
C14,0.16753513989236565,8
C5,0.1200003071879393,9
C1,0.1120153339070512,10
C11,0.10618034094857763,11
V91,0.10574814550608483,12
V70,0.10096069439597231,13
M6,0.08663651525589229,14
D3,0.07861625281262502,15
D15,0.07827228982534018,16
device_family,0.07633175478414218,17
R_emaildomain,0.07631206375117355,18
V258,0.07612077234762538,19
V294,0.067145529209532,20
M5,0.06704541848319473,21
D4,0.06289397274863222,22
ProductCD,0.05658055033123897,23
V308,0.05535279671736385,24
V49,0.05215061616136307,25
V30,0.04507087399699581,26
V283,0.04335319632128767,27
card6,0.04189045570428756,28
D8,0.03800082060397773,29
M3,0.036974987561895684,30
C2,0.036619013710652966,31
tx_count_24h,0.034578087426187926,32
D5,0.0342038539543668,33
M4,0.032542494032851366,34
C6,0.03199511017009717,35
D10,0.027723529972758912,36
C9,0.026775138911178255,37
card3,0.025631030104452564,38
V312,0.02487104416228324,39
V48,0.024442290864668887,40
V281,0.019011680394264523,41
V102,0.016590854830356775,42
card5,0.016496121169910095,43
V285,0.015883341616144638,44
V165,0.01577810586895319,45
os_family,0.015089063520679563,46
browser_family,0.014679430182995595,47
V45,0.014347085173046807,48
C8,0.013702277985125737,49
D6,0.013081314613388692,50
V150,0.01261204385260918,51
V316,0.0123658703419537,52
dist1,0.012270318337251751,53
V55,0.011862702952694853,54
V65,0.011819281364601177,55
V187,0.011777049856207969,56
D13,0.011229476927162366,57
C4,0.01120940897247052,58
V130,0.010589784835832797,59
D1,0.010548473540156578,60
V189,0.01044071363284943,61
V82,0.010216374811612344,62
id_05,0.010097520872215097,63
screen_height,0.009804476012562293,64
V315,0.0090362209728048,65
V143,0.00884590680371251,66
tx_count_1h,0.008783513501614005,67
V217,0.0083119444041257,68
id_02,0.00796858017398545,69
V87,0.007821004980355322,70
C12,0.007499869141728245,71
V83,0.0072556770287405155,72
D2_was_missing,0.007073216562777364,73
device_novelty_flag,0.007057192244341312,74
C10,0.00700809757912817,75
id_01,0.006990609063077684,76
V164,0.006199915822518415,77
id_09,0.006114714230066547,78
V290,0.005981911343404076,79
V313,0.005917027281789734,80
M9,0.00589461618524179,81
V169,0.005798137472189983,82
M2,0.005748008875273301,83
V309,0.005176440714779178,84
C3,0.0050301768012995145,85
V243,0.00472316499323807,86
D3_was_missing,0.00452648265358017,87
V306,0.004267362263735953,88
id_06,0.004199409732898513,89
V126,0.004025504482486153,90
id_03,0.003859657174152234,91
D14_was_missing,0.003812950862528066,92
V320,0.00379575257408518,93
V159,0.0035156079685354754,94
V201,0.003444907618828134,95
V139,0.003136069561253455,96
id_38,0.002982548895531805,97
V314,0.0028980242897048217,98
V317,0.0028550205246556724,99
id_15,0.0028254799558832186,100
V156,0.0027815581416571348,101
id_34,0.002688640562044559,102
V331,0.0026809181027544144,103
V37,0.002458268655870033,104
V282,0.0023683019964053646,105
V221,0.0019710976689769773,106
V54,0.0019248220110557861,107
D11,0.0018791602497263157,108
V209,0.0018373847952524436,109
V152,0.0016440959168965335,110
V251,0.0015796633691243817,111
V311,0.0015420571483837778,112
V129,0.0015214928270941433,113
V231,0.001500640010192176,114
V13,0.0014771414375450373,115
V271,0.001419851474916429,116
V136,0.0014182719502265988,117
V20,0.0014057189975780614,118
V149,0.0013955516825319998,119
V38,0.0013767867015809798,120
tx_count_6h,0.0013759728527214916,121
id_12,0.0013085241047787542,122
V310,0.001299346787568111,123
V261,0.0012157650969758138,124
V332,0.0011623317604797653,125
V268,0.0011250337068867476,126
V244,0.0010704997415985846,127
V135,0.0010268267355922427,128
V257,0.0009559646536155535,129
V224,0.000931441638451584,130
escalation_ratio_1h,0.0008448703012664788,131
D12,0.0008376162205514443,132
V167,0.0007404406597127941,133
id_04,0.0007056375904957903,134
V200,0.0006879290870692427,135
V266,0.0006861028585855252,136
V15,0.0005803836259799811,137
M8,0.0005707700806269221,138
V170,0.0005551106017756941,139
V256,0.0005468510438993058,140
V69,0.0005248679737946356,141
V51,0.00048759871002690603,142
V207,0.00048211985960219556,143
V78,0.0004685437133367031,144
V192,0.00045675359221905543,145
V40,0.0004297338890853601,146
V14,0.0004233969548711045,147
screen_width,0.00041893769878178117,148
V272,0.0003972345275663152,149
V81,0.0003914748682088427,150
V86,0.0003892788328391745,151
V181,0.0003729990128425094,152
V276,0.0003716417018793609,153
V163,0.0003330350198173962,154
V108,0.000331982091825461,155
V77,0.0003215668700391454,156
V24,0.00031636737872670344,157
V124,0.00030585021878495216,158
V279,0.00026250646068858664,159
V100,0.000249948766659644,160
V245,0.00023958293677988826,161
V67,0.00021492392894069347,162
V198,0.0002095422461003665,163
V264,0.00020085391294243427,164
V205,0.00018030679258505887,165
V319,0.00017069402330670166,166
dist2,0.00016123898286664844,167
V63,0.00015526462180636403,168
V225,0.0001295943145325859,169
V215,0.00012344044864345664,170
V137,0.00011573453959401422,171
id_11,0.0001106810328421117,172
V338,8.652545183479797e-05,173
V203,7.903610857237323e-05,174
V288,7.162327518784906e-05,175
V76,6.647439177036662e-05,176
V206,6.0461209275545775e-05,177
V90,5.5150647009554195e-05,178
D13_was_missing,5.346064326610074e-05,179
subthreshold_count_elapsed,5.07582386335757e-05,180
V300,3.946652855650118e-05,181
V194,3.4921299961959006e-05,182
V182,2.6132491833286927e-05,183
V53,2.4805891307772868e-05,184
V52,2.3362371392554644e-05,185
id_08,1.942742819002196e-05,186
V286,1.198960528662775e-05,187
V234,1.0240152655211333e-05,188
D9,8.21898794723768e-06,189
id_07,5.3978055631063104e-06,190
V296,0.0,191
V295,0.0,192
V293,0.0,193
V323,0.0,194
V322,0.0,195
V321,0.0,196
V297,0.0,197
V307,0.0,198
V305,0.0,199
V304,0.0,200
V303,0.0,201
V269,0.0,202
V318,0.0,203
V267,0.0,204
V299,0.0,205
V301,0.0,206
V302,0.0,207
V119,0.0,208
V120,0.0,209
V284,0.0,210
V287,0.0,211
V289,0.0,212
V291,0.0,213
V292,0.0,214
V111,0.0,215
V112,0.0,216
V113,0.0,217
V298,0.0,218
V223,0.0,219
V101,0.0,220
V103,0.0,221
V104,0.0,222
V105,0.0,223
V106,0.0,224
V107,0.0,225
V109,0.0,226
V110,0.0,227
V92,0.0,228
V93,0.0,229
V94,0.0,230
V95,0.0,231
V96,0.0,232
V97,0.0,233
V262,0.0,234
V99,0.0,235
V270,0.0,236
V273,0.0,237
V274,0.0,238
V275,0.0,239
V277,0.0,240
V278,0.0,241
V280,0.0,242
V89,0.0,243
V255,0.0,244
V259,0.0,245
V260,0.0,246
V114,0.0,247
V263,0.0,248
V265,0.0,249
V98,0.0,250
V328,0.0,251
V329,0.0,252
V330,0.0,253
dist1_was_missing,0.0,254
id_10,0.0,255
card4,0.0,256
addr2,0.0,257
M1,0.0,258
M7,0.0,259
DeviceType,0.0,260
C7,0.0,261
V333,0.0,262
V46,0.0,263
V47,0.0,264
V50,0.0,265
V117,0.0,266
V34,0.0,267
V35,0.0,268
V36,0.0,269
V39,0.0,270
V41,0.0,271
V42,0.0,272
V43,0.0,273
V44,0.0,274
V25,0.0,275
V26,0.0,276
V27,0.0,277
V28,0.0,278
V29,0.0,279
V31,0.0,280
V32,0.0,281
V56,0.0,282
V115,0.0,283
V116,0.0,284
V222,0.0,285
V118,0.0,286
V73,0.0,287
V74,0.0,288
V75,0.0,289
V79,0.0,290
V80,0.0,291
V84,0.0,292
V85,0.0,293
V4,0.0,294
V60,0.0,295
V61,0.0,296
V62,0.0,297
V327,0.0,298
V66,0.0,299
V68,0.0,300
V71,0.0,301
V72,0.0,302
V334,0.0,303
V335,0.0,304
V336,0.0,305
V337,0.0,306
V339,0.0,307
V57,0.0,308
V58,0.0,309
V59,0.0,310
V324,0.0,311
V325,0.0,312
V326,0.0,313
V64,0.0,314
V9,0.0,315
V10,0.0,316
V11,0.0,317
V12,0.0,318
V5,0.0,319
V183,0.0,320
V184,0.0,321
V185,0.0,322
V186,0.0,323
V188,0.0,324
V190,0.0,325
V191,0.0,326
V173,0.0,327
V174,0.0,328
V175,0.0,329
V219,0.0,330
V177,0.0,331
V178,0.0,332
V179,0.0,333
V180,0.0,334
V158,0.0,335
V160,0.0,336
V161,0.0,337
V162,0.0,338
V166,0.0,339
V168,0.0,340
V171,0.0,341
V172,0.0,342
dist2_was_missing,0.0,343
has_identity,0.0,344
micro_tx_ratio_3min,0.0,345
V176,0.0,346
V16,0.0,347
micro_fail_count_5min,0.0,348
D14,0.0,349
V1,0.0,350
V2,0.0,351
V3,0.0,352
D7_was_missing,0.0,353
D8_was_missing,0.0,354
D9_was_missing,0.0,355
D10_was_missing,0.0,356
D11_was_missing,0.0,357
D12_was_missing,0.0,358
D15_was_missing,0.0,359
V33,0.0,360
id_29,0.0,361
V8,0.0,362
V7,0.0,363
V6,0.0,364
id_28,0.0,365
id_16,0.0,366
V23,0.0,367
V22,0.0,368
V21,0.0,369
id_35,0.0,370
V18,0.0,371
V17,0.0,372
D6_was_missing,0.0,373
D5_was_missing,0.0,374
D4_was_missing,0.0,375
D1_was_missing,0.0,376
id_37,0.0,377
id_36,0.0,378
V19,0.0,379
V202,0.0,380
V204,0.0,381
V246,0.0,382
V247,0.0,383
V248,0.0,384
V249,0.0,385
V250,0.0,386
V252,0.0,387
V253,0.0,388
V254,0.0,389
V235,0.0,390
V236,0.0,391
V237,0.0,392
V238,0.0,393
V239,0.0,394
D7,0.0,395
V241,0.0,396
V242,0.0,397
V226,0.0,398
V227,0.0,399
V228,0.0,400
V229,0.0,401
V230,0.0,402
V232,0.0,403
V233,0.0,404
V147,0.0,405
V148,0.0,406
V151,0.0,407
V218,0.0,408
V88,0.0,409
V220,0.0,410
V240,0.0,411
V153,0.0,412
V154,0.0,413
V155,0.0,414
V157,0.0,415
V134,0.0,416
V138,0.0,417
V140,0.0,418
V141,0.0,419
V142,0.0,420
V144,0.0,421
V145,0.0,422
V146,0.0,423
V122,0.0,424
V123,0.0,425
V125,0.0,426
V199,0.0,427
V197,0.0,428
V196,0.0,429
V195,0.0,430
V193,0.0,431
V121,0.0,432
V216,0.0,433
V214,0.0,434
V127,0.0,435
V212,0.0,436
V211,0.0,437
V210,0.0,438
V208,0.0,439
V133,0.0,440
V132,0.0,441
V131,0.0,442
V128,0.0,443
V213,0.0,444
