base,model,split,auc_base,auc_model,d_auc,delong_p,ci_lo,ci_hi,ap_base,ap_model,ci_ap_lo,ci_ap_hi,p5_base,p5_model
C,D,val,0.9145106395279212,0.9133151398459977,-0.001195499681923673,0.016311787414622563,-0.00302208581882604,0.00045110988391065224,0.5634432578757903,0.5581363748155103,-0.01038099918767132,-0.00024165387362837026,0.3199262611027317,0.3196085048936888
C,D,test,0.8920818273132405,0.8915517108919225,-0.0005301164213179499,0.3448678566204333,-0.0027375667412466525,0.001547969368571637,0.5246781607401081,0.5258918732161855,-0.0035850631637707573,0.006142806116457088,0.309240055718929,0.3099984546437954
C,Dbatch,val,0.9145106395279212,0.9145610275114826,5.0387983561384075e-05,0.9268600715344034,-0.001989311400082411,0.002259686881691159,0.5634432578757903,0.5672111093479856,-0.0016198179247787908,0.009576439549851398,0.3199262611027317,0.3202559353426503
C,Dbatch,test,0.8920818273132405,0.8902292421490807,-0.001852585164159759,0.0009703881066775135,-0.004656254334451907,0.0008408663690257831,0.5246781607401081,0.5208958653049578,-0.010108300469741838,0.0023314448685125755,0.309240055718929,0.30808629520409747
D,Dbatch,val,0.9133151398459977,0.9145610275114826,0.001245887665485057,0.02086053664536551,-0.0005328856340637177,0.0032141431553317696,0.5581363748155103,0.5672111093479856,0.003455821072140236,0.015015197786390176,0.3196085048936888,0.3202559353426503
D,Dbatch,test,0.8915517108919225,0.8902292421490807,-0.0013224687428418092,0.020259361789768147,-0.004233313466880065,0.001564313382311591,0.5258918732161855,0.5208958653049578,-0.011426005027638509,0.0008026693621093528,0.3099984546437954,0.30808629520409747
D,D_minus_P2,val,0.9133151398459977,0.9141568108648873,0.0008416710188896559,0.018342831562375313,-0.0002877142248869785,0.0020485474045577766,0.5581363748155103,0.563340851330614,0.0014830622212127053,0.009134094092020003,0.3196085048936888,0.3192099932478055
D,D_minus_P2,test,0.8915517108919225,0.889650897012245,-0.0019008138796776652,2.605688303345993e-07,-0.00338374973112619,-0.0004875242507815875,0.5258918732161855,0.5255663799750291,-0.004698572657847541,0.0037859374201559192,0.3099984546437954,0.30863432026042475
D,D_minus_P3,val,0.9133151398459977,0.9140095264238073,0.0006943865778097358,0.0019004555845490096,-0.0002054121656374308,0.0016605445768277352,0.5581363748155103,0.5580182005631563,-0.0034906730372332275,0.0031073211018335153,0.3196085048936888,0.3212243525058863
D,D_minus_P3,test,0.8915517108919225,0.891458166476002,-9.354441592057672e-05,0.6808667881413635,-0.0010119506120945976,0.0008110829903561405,0.5258918732161855,0.5273466727971405,-0.002530906460064192,0.005988280153939777,0.3099984546437954,0.31010506798516685
D,D_minus_P4,val,0.9133151398459977,0.9139924348476027,0.0006772950016050716,0.07719308154714125,-0.0008822455025910585,0.0022015996665242037,0.5581363748155103,0.5671099408332481,0.003745515930397642,0.014129847376682896,0.3196085048936888,0.3210021859761224
D,D_minus_P4,test,0.8915517108919225,0.8893070530808079,-0.002244657811114603,6.120360284635291e-08,-0.003906396941658211,-0.0006747733797140536,0.5258918732161855,0.5266540757395467,-0.007640431586941573,0.009104895813654474,0.3099984546437954,0.30948316001862486
D,D_minus_P5,val,0.9133151398459977,0.9141181353055587,0.0008029954595609734,0.09922059006794091,-0.0007163993720032402,0.002637998093563289,0.5581363748155103,0.5554009776455527,-0.009055163480798004,0.0037497720082538036,0.3196085048936888,0.32023608768971334
D,D_minus_P5,test,0.8915517108919225,0.8914868954334535,-6.481545846892534e-05,0.9063870299260125,-0.002459735283651332,0.0022742756857333313,0.5258918732161855,0.5245762393991265,-0.007250317876656584,0.007131252719126103,0.3099984546437954,0.30927039950640134
